{
	"description": "项目配置文件",
	"packOptions": {
		"ignore": []
	},
	"miniprogramRoot": "miniprogram/",
	"compileType": "miniprogram",
	"libVersion": "2.8.2",
	"projectname": "unityGroup",
	"scripts": {
		"beforeCompile": "npm run tsc",
		"beforePreview": "npm run tsc",
		"beforeUpload": "npm run tsc"
	},
	"setting": {
		"urlCheck": true,
		"es6": true,
		"enhance": false,
		"postcss": true,
		"preloadBackgroundData": false,
		"minified": true,
		"newFeature": false,
		"coverView": true,
		"nodeModules": false,
		"autoAudits": false,
		"showShadowRootInWxmlPanel": true,
		"scopeDataCheck": false,
		"uglifyFileName": false,
		"checkInvalidKey": true,
		"checkSiteMap": true,
		"uploadWithSourceMap": true,
		"compileHotReLoad": false,
		"babelSetting": {
			"ignore": [],
			"disablePlugins": [],
			"outputPath": ""
		},
		"useIsolateContext": true,
		"useCompilerModule": false,
		"userConfirmedUseCompilerModuleSwitch": false
	},
	"simulatorType": "wechat",
	"simulatorPluginLibVersion": {},
	"appid": "wxa65c93b33add1711",
	"condition": {}
}